<customapi uniquename="res_ImportProducts">
  <allowedcustomprocessingsteptype>2</allowedcustomprocessingsteptype>
  <bindingtype>0</bindingtype>
  <description default="Importa i Prodotti di Danea">
    <label description="Importa i Prodotti di Danea" languagecode="1040" />
  </description>
  <displayname default="Importa Prodotti">
    <label description="Importa Prodotti" languagecode="1040" />
  </displayname>
  <iscustomizable>1</iscustomizable>
  <isfunction>0</isfunction>
  <isprivate>0</isprivate>
  <name>ImportProducts</name>
  <plugintypeid>
    <plugintypeexportkey>461c677f-83fb-424e-836a-4ca85d864d34</plugintypeexportkey>
  </plugintypeid>
  <workflowsdkstepenabled>0</workflowsdkstepenabled>
</customapi>