<customapi uniquename="res_ImportInvoices">
  <allowedcustomprocessingsteptype>2</allowedcustomprocessingsteptype>
  <bindingtype>0</bindingtype>
  <description default="ImportInvoices">
    <label description="ImportInvoices" languagecode="1040" />
  </description>
  <displayname default="ImportInvoices">
    <label description="ImportInvoices" languagecode="1040" />
  </displayname>
  <iscustomizable>1</iscustomizable>
  <isfunction>0</isfunction>
  <isprivate>0</isprivate>
  <name>ImportInvoices</name>
  <plugintypeid>
    <plugintypeexportkey>ed6c6e30-bbbb-4eba-8236-b62f8a92692f</plugintypeexportkey>
  </plugintypeid>
  <workflowsdkstepenabled>0</workflowsdkstepenabled>
</customapi>