<customapi uniquename="res_ExportSalesOrders">
  <allowedcustomprocessingsteptype>2</allowedcustomprocessingsteptype>
  <bindingtype>0</bindingtype>
  <description default="Esporta gli Ordini di DYN365">
    <label description="Esporta gli Ordini di DYN365" languagecode="1040" />
  </description>
  <displayname default="Esporta Ordini">
    <label description="Esporta Ordini" languagecode="1040" />
  </displayname>
  <iscustomizable>1</iscustomizable>
  <isfunction>0</isfunction>
  <isprivate>0</isprivate>
  <name>ExportSalesOrders</name>
  <plugintypeid>
    <plugintypeexportkey>e1703e18-2149-4950-98a6-685bbf3e7162</plugintypeexportkey>
  </plugintypeid>
  <workflowsdkstepenabled>0</workflowsdkstepenabled>
</customapi>