<environmentvariabledefinition schemaname="res_ImportProducts_Configuration">
  <defaultvalue>{ 	"header_line": 0, 	"fields": [ 		{ 			"name": "Cod.", 			"name_product": "Codice", 			"position": -1 		}, 		{ 			"name": "Descrizione", 			"name_product": "Nome", 			"position": -1 		}, 		{ 			"name": "Listino 1", 			"name_product": "PrezzoDiListino", 			"position": -1 		}, 		{ 			"name": "Tipologia", 			"name_product": "Tipologia", 			"position": -1 		}, 		{ 			"name": "Produttore", 			"name_product": "Produttore", 			"position": -1 		}, 		{ 			"name": "U.m.", 			"name_product": "UnitaPredefinita", 			"position": -1 		}, 		{ 			"name": "Iva", 			"name_product": "CodiceIVA", 			"position": -1 		}, 		{ 			"name": "Categoria", 			"name_product": "EntitaPrincipale", 			"position": -1 		}, 		{ 			"name": "Note", 			"name_product": "Descrizione", 			"position": -1 		}, 		{ 			"name": "Fornitore", 			"name_product": "Fornitore", 			"position": -1 		}, 		{ 			"name": "Cod. a barre", 			"name_product": "CodiceABarre", 			"position": -1 		}, 		{ 			"name": "Vol. imballo", 			"name_product": "VolumeImballo", 			"position": -1 		}, 		{ 			"name": "U.m. Peso", 			"name_product": "UnitaDimisuraPeso", 			"position": -1 		}, 		{ 			"name": "Peso lordo", 			"name_product": "PesoLordo", 			"position": -1 		}, 		{ 			"name": "Peso netto", 			"name_product": "PesoNetto", 			"position": -1 		} 	], 	"number_lines_remove": 1 }</defaultvalue>
  <displayname default="ImportProducts_Configuration">
    <label description="ImportProducts_Configuration" languagecode="1040" />
  </displayname>
  <introducedversion>1.0.0.0</introducedversion>
  <iscustomizable>1</iscustomizable>
  <isrequired>0</isrequired>
  <secretstore>0</secretstore>
  <type>100000003</type>
</environmentvariabledefinition>