{
  "environmentvariablevalues": {
    "environmentvariablevalue": {
      "iscustomizable": "1",
      "value": "{ \t\"header_line\": 0, \t\"fields\": [ \t\t{ \t\t\t\"name\": \"Cod.\", \t\t\t\"name_product\": \"Codice\", \t\t\t\"position\": -1 \t\t}, \t\t{ \t\t\t\"name\": \"Descrizione\", \t\t\t\"name_product\": \"Nome\", \t\t\t\"position\": -1 \t\t}, \t\t{ \t\t\t\"name\": \"Listino 1\", \t\t\t\"name_product\": \"PrezzoDiListino\", \t\t\t\"position\": -1 \t\t}, \t\t{ \t\t\t\"name\": \"Tipologia\", \t\t\t\"name_product\": \"Tipologia\", \t\t\t\"position\": -1 \t\t}, \t\t{ \t\t\t\"name\": \"Produttore\", \t\t\t\"name_product\": \"Produttore\", \t\t\t\"position\": -1 \t\t}, \t\t{ \t\t\t\"name\": \"U.m.\", \t\t\t\"name_product\": \"UnitaPredefinita\", \t\t\t\"position\": -1 \t\t}, \t\t{ \t\t\t\"name\": \"Iva\", \t\t\t\"name_product\": \"CodiceIVA\", \t\t\t\"position\": -1 \t\t}, \t\t{ \t\t\t\"name\": \"Categoria\", \t\t\t\"name_product\": \"EntitaPrincipale\", \t\t\t\"position\": -1 \t\t}, \t\t{ \t\t\t\"name\": \"Note\", \t\t\t\"name_product\": \"Descrizione\", \t\t\t\"position\": -1 \t\t}, \t\t{ \t\t\t\"name\": \"Fornitore\", \t\t\t\"name_product\": \"Fornitore\", \t\t\t\"position\": -1 \t\t}, \t\t{ \t\t\t\"name\": \"Cod. a barre\", \t\t\t\"name_product\": \"CodiceABarre\", \t\t\t\"position\": -1 \t\t}, \t\t{ \t\t\t\"name\": \"Vol. imballo\", \t\t\t\"name_product\": \"VolumeImballo\", \t\t\t\"position\": -1 \t\t}, \t\t{ \t\t\t\"name\": \"U.m. Peso\", \t\t\t\"name_product\": \"UnitaDimisuraPeso\", \t\t\t\"position\": -1 \t\t}, \t\t{ \t\t\t\"name\": \"Peso lordo\", \t\t\t\"name_product\": \"PesoLordo\", \t\t\t\"position\": -1 \t\t}, \t\t{ \t\t\t\"name\": \"Peso netto\", \t\t\t\"name_product\": \"PesoNetto\", \t\t\t\"position\": -1 \t\t} \t], \t\"number_lines_remove\": 1 }"
    }
  }
}