<environmentvariabledefinition schemaname="res_ImportPayments_Configuration">
  <defaultvalue>{ 	"header_line": 0, 	"fields": [ 		{ 			"name": "Cod. Soggetto", 			"name_payment": "CodCliente", 			"position": -1 		}, 		{ 			"name": "Soggetto", 			"name_payment": "Soggetto", 			"position": -1 		}, 		{ 			"name": "Data", 			"name_payment": "Data", 			"position": -1 		}, 		{ 			"name": "Data scadenza", 			"name_payment": "DataScadenza", 			"position": -1 		}, 		{ 			"name": "Doc: Protocollo", 			"name_payment": "NProtDoc", 			"position": -1 		}, 		{ 			"name": "Descrizione", 			"name_payment": "Descrizione", 			"position": -1 		}, 		{ 			"name": "Doc: Data registr.", 			"name_payment": "DataDocumento", 			"position": -1 		}, 		{ 			"name": "Doc: Importo dovuto", 			"name_payment": "ImportoDoc", 			"position": -1 		}, 		{ 			"name": "Doc: Pagamento", 			"name_payment": "Pagamento", 			"position": -1 		}, 		{ 			"name": "Doc: Coord. Bancarie", 			"name_payment": "CoordBancarie", 			"position": -1 		}, 		{ 			"name": "Doc: Agente", 			"name_payment": "Agente", 			"position": -1 		}, 		{ 			"name": "Doc: Commento", 			"name_payment": "Commento", 			"position": -1 		}, 		{ 			"name": "Entrate", 			"name_payment": "Importo", 			"position": -1 		}, 		{ 			"name": "Saldato", 			"name_payment": "Saldato", 			"position": -1 		}, 		{ 			"name": "Modalità pagamento", 			"name_payment": "ModPagamento", 			"position": -1 		}, 		{ 			"name": "Risorsa", 			"name_payment": "Risorsa", 			"position": -1 		}, 		{ 			"name": "Rif. pagamento", 			"name_payment": "RifPagamento", 			"position": -1 		}, 		{ 			"name": "Data sollecito", 			"name_payment": "DataSollecito", 			"position": -1 		}, 		{ 			"name": "Descr. sollecito", 			"name_payment": "DescrSollecito", 			"position": -1 		} 	], 	"number_lines_remove": 2 }</defaultvalue>
  <displayname default="ImportPayments_Configuration">
    <label description="ImportPayments_Configuration" languagecode="1040" />
  </displayname>
  <introducedversion>1.0.0.1</introducedversion>
  <iscustomizable>1</iscustomizable>
  <isrequired>0</isrequired>
  <secretstore>0</secretstore>
  <type>100000003</type>
</environmentvariabledefinition>