{
  "properties": {
    "connectionReferences": {
      "shared_commondataserviceforapps": {
        "runtimeSource": "embedded",
        "connection": {
          "connectionReferenceLogicalName": "res_sharedcommondataserviceforapps_de105"
        },
        "api": {
          "name": "shared_commondataserviceforapps"
        }
      }
    },
    "definition": {
      "$schema": "https://schema.management.azure.com/providers/Microsoft.Logic/schemas/2016-06-01/workflowdefinition.json#",
      "contentVersion": "1.0.0.0",
      "parameters": {
        "$connections": {
          "defaultValue": {},
          "type": "Object"
        },
        "$authentication": {
          "defaultValue": {},
          "type": "SecureObject"
        }
      },
      "triggers": {
        "Quando_cambia_motivo_stato": {
          "metadata": {
            "operationMetadataId": "f951ce27-644c-4104-a307-eb2f44ef541d"
          },
          "type": "OpenApiConnectionWebhook",
          "inputs": {
            "host": {
              "connectionName": "shared_commondataserviceforapps",
              "operationId": "SubscribeWebhookTrigger",
              "apiId": "/providers/Microsoft.PowerApps/apis/shared_commondataserviceforapps"
            },
            "parameters": {
              "subscriptionRequest/message": 3,
              "subscriptionRequest/entityname": "res_dataintegration",
              "subscriptionRequest/scope": 4,
              "subscriptionRequest/filteringattributes": "statuscode",
              "subscriptionRequest/filterexpression": "(res_integrationaction eq 100000005 and (statuscode eq 100000001 or statuscode eq 100000002))",
              "subscriptionRequest/runas": 3
            },
            "authentication": "@parameters('$authentication')"
          }
        }
      },
      "actions": {
        "Data_odierna": {
          "runAfter": {},
          "metadata": {
            "operationMetadataId": "bfc92c1f-a230-49a6-980c-372715d3bf7e"
          },
          "type": "InitializeVariable",
          "inputs": {
            "variables": [
              {
                "name": "DataOdierna",
                "type": "string",
                "value": "@{formatDateTime(convertTimeZone(utcNow(), 'UTC', 'W. Europe Standard Time'), 'dd/MM/yyyy HH:mm:ss')}"
              }
            ]
          }
        },
        "Controllo_lo_stato": {
          "runAfter": {
            "Stato_dell'integrazione": [
              "Succeeded"
            ]
          },
          "cases": {
            "InValidazione": {
              "case": 100000001,
              "actions": {
                "Creazione_Dettagli_Integrazione_dati": {
                  "actions": {
                    "Estrai_il_file_di_distribuzione": {
                      "runAfter": {},
                      "metadata": {
                        "operationMetadataId": "614724f7-3cfe-47f6-ad6b-6afa1cc253ed"
                      },
                      "type": "OpenApiConnection",
                      "inputs": {
                        "host": {
                          "connectionName": "shared_commondataserviceforapps",
                          "operationId": "PerformUnboundAction",
                          "apiId": "/providers/Microsoft.PowerApps/apis/shared_commondataserviceforapps"
                        },
                        "parameters": {
                          "actionName": "res_ClientAction",
                          "item/actionName": "GET_DISTRIBUTIONFILE",
                          "item/jsonDataInput": "@triggerOutputs()?['body/res_dataintegrationid']"
                        },
                        "authentication": "@parameters('$authentication')"
                      }
                    },
                    "Deserializzo_il_risultato_dell'estrazione": {
                      "runAfter": {
                        "Estrai_il_file_di_distribuzione": [
                          "Succeeded"
                        ]
                      },
                      "metadata": {
                        "operationMetadataId": "27d8eb35-20b9-4671-9799-4d9d94e85074"
                      },
                      "type": "Compose",
                      "inputs": "@json(outputs('Estrai_il_file_di_distribuzione')?['body/jsonDataOutput'])"
                    },
                    "Analizzo_il_json_contenente_il_file": {
                      "runAfter": {
                        "Deserializzo_il_risultato_dell'estrazione": [
                          "Succeeded"
                        ]
                      },
                      "metadata": {
                        "operationMetadataId": "98ae52ba-6808-4556-9e12-9ac44a0ab96a"
                      },
                      "type": "ParseJson",
                      "inputs": {
                        "content": "@outputs('Deserializzo_il_risultato_dell''estrazione')",
                        "schema": {
                          "type": "object",
                          "properties": {
                            "message": {
                              "type": "string"
                            },
                            "result": {
                              "type": "integer"
                            },
                            "Data": {
                              "type": "string"
                            }
                          }
                        }
                      }
                    },
                    "Decodifico_il_file_in_formato_base64": {
                      "runAfter": {
                        "Analizzo_il_json_contenente_il_file": [
                          "Succeeded"
                        ]
                      },
                      "metadata": {
                        "operationMetadataId": "168b8dd6-c910-4e9d-a404-14a915efc2e5"
                      },
                      "type": "Compose",
                      "inputs": "@decodeBase64(body('Analizzo_il_json_contenente_il_file')?['Data'])"
                    },
                    "Analizzo_il_contenuto_del_file": {
                      "runAfter": {
                        "Decodifico_il_file_in_formato_base64": [
                          "Succeeded"
                        ]
                      },
                      "metadata": {
                        "operationMetadataId": "71d75a64-86df-48a4-a50e-7ccb7ffed62a"
                      },
                      "type": "ParseJson",
                      "inputs": {
                        "content": "@outputs('Decodifico_il_file_in_formato_base64')",
                        "schema": {
                          "type": "array",
                          "items": {
                            "type": "object",
                            "properties": {
                              "Agente": {
                                "oneOf": [
                                  {
                                    "type": "null"
                                  },
                                  {
                                    "type": "object",
                                    "properties": {
                                      "Entity": {
                                        "type": "string"
                                      },
                                      "Id": {
                                        "type": "string"
                                      },
                                      "Text": {
                                        "type": "string"
                                      }
                                    }
                                  }
                                ]
                              },
                              "Cliente": {
                                "oneOf": [
                                  {
                                    "type": "null"
                                  },
                                  {
                                    "type": "object",
                                    "properties": {
                                      "Entity": {
                                        "type": "string"
                                      },
                                      "Id": {
                                        "type": "string"
                                      },
                                      "Text": {
                                        "type": "string"
                                      }
                                    }
                                  }
                                ]
                              },
                              "CodAgente": {
                                "type": "string"
                              },
                              "CodCliente": {
                                "type": "string"
                              },
                              "Commento": {
                                "type": "string"
                              },
                              "CoordBancarie": {
                                "type": [
                                  "null",
                                  "string"
                                ]
                              },
                              "Data": {
                                "type": "string",
                                "format": "date"
                              },
                              "DataRegistraz": {
                                "type": "string",
                                "format": "date"
                              },
                              "DataScadenza": {
                                "type": "string",
                                "format": "date"
                              },
                              "DataSollecito": {
                                "oneOf": [
                                  {
                                    "type": "null"
                                  },
                                  {
                                    "type": "string",
                                    "format": "date"
                                  }
                                ]
                              },
                              "DescrSollecito": {
                                "type": "string"
                              },
                              "Descrizione": {
                                "type": "string"
                              },
                              "Importo": {
                                "type": "number"
                              },
                              "ImportoDoc": {
                                "type": "number"
                              },
                              "ModPagamento": {
                                "oneOf": [
                                  {
                                    "type": "null"
                                  },
                                  {
                                    "type": "object",
                                    "properties": {
                                      "Entity": {
                                        "type": "string"
                                      },
                                      "Id": {
                                        "type": "string"
                                      },
                                      "Text": {
                                        "type": "string"
                                      }
                                    }
                                  }
                                ]
                              },
                              "NProtDoc": {
                                "type": "string"
                              },
                              "Pagamento": {
                                "type": "object",
                                "properties": {
                                  "Entity": {
                                    "type": "string"
                                  },
                                  "Id": {
                                    "type": "string"
                                  },
                                  "Text": {
                                    "type": "string"
                                  }
                                }
                              },
                              "RifPagamento": {
                                "type": "string"
                              },
                              "Risorsa": {
                                "oneOf": [
                                  {
                                    "type": "null"
                                  },
                                  {
                                    "type": "object",
                                    "properties": {
                                      "Entity": {
                                        "type": "string"
                                      },
                                      "Id": {
                                        "type": "string"
                                      },
                                      "Text": {
                                        "type": "string"
                                      }
                                    }
                                  }
                                ]
                              },
                              "Saldato": {
                                "type": "boolean"
                              }
                            }
                          }
                        }
                      }
                    },
                    "Ciclo_i_prodotti": {
                      "foreach": "@body('Analizzo_il_contenuto_del_file')",
                      "actions": {
                        "Aggiunge_una_nuova_riga": {
                          "runAfter": {},
                          "metadata": {
                            "operationMetadataId": "c117698c-7822-4bd5-92ab-45ff3d8948f7"
                          },
                          "type": "OpenApiConnection",
                          "inputs": {
                            "host": {
                              "connectionName": "shared_commondataserviceforapps",
                              "operationId": "CreateRecord",
                              "apiId": "/providers/Microsoft.PowerApps/apis/shared_commondataserviceforapps"
                            },
                            "parameters": {
                              "entityName": "res_dataintegrationdetails",
                              "item/res_DataIntegrationId@odata.bind": "/res_dataintegrations(@{triggerOutputs()?['body/res_dataintegrationid']})",
                              "item/statuscode": 1,
                              "item/res_name": "@variables('DataOdierna')",
                              "item/res_integrationrow": "@items('Ciclo_i_prodotti')"
                            },
                            "authentication": "@parameters('$authentication')"
                          }
                        }
                      },
                      "runAfter": {
                        "Analizzo_il_contenuto_del_file": [
                          "Succeeded"
                        ]
                      },
                      "metadata": {
                        "operationMetadataId": "18c04b4a-e8ad-43f0-b974-739445d9dc23"
                      },
                      "type": "Foreach"
                    },
                    "Aggiorno_lo_stato": {
                      "runAfter": {
                        "Ciclo_i_prodotti": [
                          "Succeeded"
                        ]
                      },
                      "metadata": {
                        "operationMetadataId": "36a96e2a-e0ec-4aa4-9ecd-d773e51de8dd"
                      },
                      "type": "OpenApiConnection",
                      "inputs": {
                        "host": {
                          "connectionName": "shared_commondataserviceforapps",
                          "operationId": "UpdateRecord",
                          "apiId": "/providers/Microsoft.PowerApps/apis/shared_commondataserviceforapps"
                        },
                        "parameters": {
                          "entityName": "res_dataintegrations",
                          "recordId": "@triggerOutputs()?['body/res_dataintegrationid']",
                          "item/statuscode": 100000002,
                          "item/res_integrationresult": "@null"
                        },
                        "authentication": "@parameters('$authentication')"
                      }
                    }
                  },
                  "runAfter": {},
                  "metadata": {
                    "operationMetadataId": "dd0be802-538d-40b5-af28-6c7fe206766a"
                  },
                  "type": "Scope"
                }
              }
            },
            "In_Elaborazione": {
              "case": 100000002,
              "actions": {
                "Distribuzione_dei_pagamenti": {
                  "actions": {
                    "Ciclo_la_distribuzione": {
                      "actions": {
                        "Imposto_lo_stato_dell'integrazione": {
                          "runAfter": {
                            "Esegui_un'azione_associata": [
                              "Succeeded"
                            ]
                          },
                          "metadata": {
                            "operationMetadataId": "50c2131f-625c-4602-a0ae-d595386b698f"
                          },
                          "type": "SetVariable",
                          "inputs": {
                            "name": "StatusCode",
                            "value": "@outputs('Esegui_un''azione_associata')?['body/StatusCode']"
                          }
                        },
                        "Esegui_un'azione_associata": {
                          "runAfter": {},
                          "metadata": {
                            "operationMetadataId": "e6254aa5-b674-4f74-a669-3cf3d74514d2"
                          },
                          "type": "OpenApiConnection",
                          "inputs": {
                            "host": {
                              "connectionName": "shared_commondataserviceforapps",
                              "operationId": "PerformBoundAction",
                              "apiId": "/providers/Microsoft.PowerApps/apis/shared_commondataserviceforapps"
                            },
                            "parameters": {
                              "entityName": "res_dataintegrations",
                              "actionName": "Microsoft.Dynamics.CRM.res_MultipleDistribution",
                              "recordId": "@triggerOutputs()?['body/res_dataintegrationid']",
                              "item/NumberRows": "@variables('RowsNumber')"
                            },
                            "authentication": "@parameters('$authentication')"
                          }
                        }
                      },
                      "runAfter": {},
                      "expression": "@not(equals(variables('StatusCode'),100000002))",
                      "limit": {
                        "count": 60,
                        "timeout": "P1D"
                      },
                      "metadata": {
                        "operationMetadataId": "801a075d-5ff1-40e7-9ad8-5ca02bc262f6"
                      },
                      "type": "Until"
                    }
                  },
                  "runAfter": {
                    "Cancellazione_dei_pagamenti": [
                      "Succeeded"
                    ]
                  },
                  "metadata": {
                    "operationMetadataId": "bd4637e6-7f0d-4149-85d6-13ec30b1549e"
                  },
                  "type": "Scope"
                },
                "Cancellazione_dei_pagamenti": {
                  "actions": {
                    "Esegui_un'azione_non_associata": {
                      "runAfter": {},
                      "metadata": {
                        "operationMetadataId": "b9c3ed0a-dae3-4598-93ab-23b81c94b064"
                      },
                      "type": "OpenApiConnection",
                      "inputs": {
                        "host": {
                          "connectionName": "shared_commondataserviceforapps",
                          "operationId": "PerformUnboundAction",
                          "apiId": "/providers/Microsoft.PowerApps/apis/shared_commondataserviceforapps"
                        },
                        "parameters": {
                          "actionName": "res_ClientAction",
                          "item/actionName": "DELETE_ALL_PAYMENTSCHEDULE"
                        },
                        "authentication": "@parameters('$authentication')"
                      }
                    }
                  },
                  "runAfter": {},
                  "metadata": {
                    "operationMetadataId": "62c469bf-e08a-4c5d-a4d7-f4a84ec22514"
                  },
                  "type": "Scope"
                }
              }
            }
          },
          "default": {
            "actions": {}
          },
          "expression": "@triggerBody()?['statuscode']",
          "metadata": {
            "operationMetadataId": "4cbd4e29-d53b-45e0-9fe3-be91c2dc88ae"
          },
          "type": "Switch"
        },
        "Numero_di_righe": {
          "runAfter": {
            "Data_odierna": [
              "Succeeded"
            ]
          },
          "metadata": {
            "operationMetadataId": "9541a4f4-e2eb-4176-accb-317bc3f78fb5"
          },
          "type": "InitializeVariable",
          "inputs": {
            "variables": [
              {
                "name": "RowsNumber",
                "type": "integer",
                "value": 50
              }
            ]
          }
        },
        "Stato_dell'integrazione": {
          "runAfter": {
            "Numero_di_righe": [
              "Succeeded"
            ]
          },
          "metadata": {
            "operationMetadataId": "bbaccc26-5084-4571-83ce-a04072f77fde"
          },
          "type": "InitializeVariable",
          "inputs": {
            "variables": [
              {
                "name": "StatusCode",
                "type": "integer",
                "value": 0
              }
            ]
          }
        }
      }
    },
    "templateName": ""
  },
  "schemaVersion": "1.0.0.0"
}