{
  "properties": {
    "connectionReferences": {
      "shared_commondataserviceforapps": {
        "runtimeSource": "embedded",
        "connection": {
          "connectionReferenceLogicalName": "res_sharedcommondataserviceforapps_37d61"
        },
        "api": {
          "name": "shared_commondataserviceforapps"
        }
      }
    },
    "definition": {
      "$schema": "https://schema.management.azure.com/providers/Microsoft.Logic/schemas/2016-06-01/workflowdefinition.json#",
      "contentVersion": "1.0.0.0",
      "parameters": {
        "$connections": {
          "defaultValue": {},
          "type": "Object"
        },
        "$authentication": {
          "defaultValue": {},
          "type": "SecureObject"
        },
        "NotificaApprovazioneOfferta_Mittente (res_NotificaApprovazioneOfferta_Mittente)": {
          "defaultValue": "f6844c5c-4070-ef11-a670-000d3aa9dc4d",
          "type": "String",
          "metadata": {
            "schemaName": "res_NotificaApprovazioneOfferta_Mittente"
          }
        }
      },
      "triggers": {
        "Quando_una_riga_viene_aggiunta,_modificata_o_eliminata": {
          "metadata": {
            "operationMetadataId": "65382855-15f2-4f3d-8b1b-62653c947a1b"
          },
          "type": "OpenApiConnectionWebhook",
          "inputs": {
            "host": {
              "connectionName": "shared_commondataserviceforapps",
              "operationId": "SubscribeWebhookTrigger",
              "apiId": "/providers/Microsoft.PowerApps/apis/shared_commondataserviceforapps"
            },
            "parameters": {
              "subscriptionRequest/message": 3,
              "subscriptionRequest/entityname": "quote",
              "subscriptionRequest/scope": 4,
              "subscriptionRequest/filteringattributes": "modifiedby,ownerid,statuscode"
            },
            "authentication": "@parameters('$authentication')"
          }
        }
      },
      "actions": {
        "Motivo_stato_Attuale": {
          "runAfter": {
            "URL_offerta": [
              "Succeeded"
            ]
          },
          "cases": {
            "In_approvazione": {
              "case": 2,
              "actions": {
                "Motivo_stato_precedente_1": {
                  "runAfter": {},
                  "cases": {
                    "Bozza_>_In_approvazione": {
                      "case": 1,
                      "actions": {
                        "Accoda_a_partecipanti_Impegno_1": {
                          "runAfter": {
                            "Imposta_partecipante_Impegno_1": [
                              "Succeeded"
                            ]
                          },
                          "metadata": {
                            "operationMetadataId": "3d263811-53b3-4f67-904a-bf554013f0fd"
                          },
                          "type": "AppendToArrayVariable",
                          "inputs": {
                            "name": "partecipantiImpegno",
                            "value": "@variables('partecipanteImpegno')"
                          }
                        },
                        "Imposta_partecipante_Impegno_1": {
                          "runAfter": {
                            "Imposta_Oggetto_Mail_1": [
                              "Succeeded"
                            ]
                          },
                          "metadata": {
                            "operationMetadataId": "bcdf0f48-9638-4758-a75a-2fde38f00968"
                          },
                          "type": "SetVariable",
                          "inputs": {
                            "name": "partecipanteImpegno",
                            "value": {
                              "participationtypemask": 2,
                              "partyid@odata.bind": "systemusers(@{triggerOutputs()?['body/_ownerid_value']})"
                            }
                          }
                        },
                        "Imposta_Oggetto_Mail_1": {
                          "runAfter": {
                            "Imposta_Corpo_Mail_1": [
                              "Succeeded"
                            ]
                          },
                          "metadata": {
                            "operationMetadataId": "8731bfd0-a5b2-41e3-8172-d9c9f733762a"
                          },
                          "type": "SetVariable",
                          "inputs": {
                            "name": "OggettoMail",
                            "value": "Richiesta approvazione preventivo n. @{triggerOutputs()?['body/quotenumber']} per @{body('Analizza_JSON_1')?['nomecliente']}"
                          }
                        },
                        "Imposta_Corpo_Mail_1": {
                          "runAfter": {
                            "Analizza_JSON_1": [
                              "Succeeded"
                            ]
                          },
                          "metadata": {
                            "operationMetadataId": "6303c74c-5918-4fb3-856e-c9bb00bbf4fe"
                          },
                          "type": "SetVariable",
                          "inputs": {
                            "name": "CorpoMail",
                            "value": "Salve,\nsi richiede l’approvazione dell’offerta n° @{triggerOutputs()?['body/quotenumber']} con versione n°  @{triggerOutputs()?['body/revisionnumber']}per @{body('Analizza_JSON_1')?['nomecliente']}.\n\nDi seguito il link @{outputs('URL_offerta')} per poter accedere all’offerta.\n\nCordiali saluti\n"
                          }
                        },
                        "Analizza_JSON_1": {
                          "runAfter": {
                            "Esegue_un_flusso_figlio_1": [
                              "Succeeded"
                            ]
                          },
                          "metadata": {
                            "operationMetadataId": "0f3f9003-96e8-4621-b1da-f8eb12a1744e"
                          },
                          "type": "ParseJson",
                          "inputs": {
                            "content": "@body('Esegue_un_flusso_figlio_1')",
                            "schema": {
                              "type": "object",
                              "properties": {
                                "nomecliente": {
                                  "type": "string"
                                }
                              }
                            }
                          }
                        },
                        "Esegue_un_flusso_figlio_1": {
                          "runAfter": {},
                          "metadata": {
                            "operationMetadataId": "627007b4-22f3-4562-8b6a-9c15bf8ba8ff"
                          },
                          "type": "Workflow",
                          "inputs": {
                            "host": {
                              "workflowReferenceName": "98468969-0196-ef11-8a69-7c1e52503425"
                            },
                            "body": {
                              "text": "@triggerOutputs()?['body/_customerid_value@Microsoft.Dynamics.CRM.lookuplogicalname']",
                              "text_1": "@triggerOutputs()?['body/_customerid_value']"
                            }
                          }
                        }
                      }
                    }
                  },
                  "default": {
                    "actions": {
                      "Termina": {
                        "runAfter": {},
                        "metadata": {
                          "operationMetadataId": "c3dcaeab-f15a-4627-9aa0-78502b7b08d6"
                        },
                        "type": "Terminate",
                        "inputs": {
                          "runStatus": "Cancelled"
                        }
                      }
                    }
                  },
                  "expression": "@triggerOutputs()?['body/res_oldstatuscode']",
                  "metadata": {
                    "operationMetadataId": "c1c18b70-f044-4d32-8a72-24f0d5ffa3cf"
                  },
                  "type": "Switch"
                }
              }
            },
            "Approvata": {
              "case": 3,
              "actions": {
                "Motivo_stato_precedente_2": {
                  "runAfter": {},
                  "cases": {
                    "In_approvazione_>_Approvata": {
                      "case": 2,
                      "actions": {
                        "Esegue_un_flusso_figlio_2": {
                          "runAfter": {},
                          "metadata": {
                            "operationMetadataId": "7c6be649-8d6f-44d9-9460-96294f4756a9"
                          },
                          "type": "Workflow",
                          "inputs": {
                            "host": {
                              "workflowReferenceName": "98468969-0196-ef11-8a69-7c1e52503425"
                            },
                            "body": {
                              "text": "@triggerOutputs()?['body/_customerid_value@Microsoft.Dynamics.CRM.lookuplogicalname']",
                              "text_1": "@triggerOutputs()?['body/_customerid_value']"
                            }
                          }
                        },
                        "Analizza_JSON_2": {
                          "runAfter": {
                            "Esegue_un_flusso_figlio_2": [
                              "Succeeded"
                            ]
                          },
                          "metadata": {
                            "operationMetadataId": "ad15bf43-dcc7-488d-a85b-8832468500a4"
                          },
                          "type": "ParseJson",
                          "inputs": {
                            "content": "@body('Esegue_un_flusso_figlio_2')",
                            "schema": {
                              "type": "object",
                              "properties": {
                                "nomecliente": {
                                  "type": "string"
                                }
                              }
                            }
                          }
                        },
                        "Imposta_Corpo_Mail_2": {
                          "runAfter": {
                            "Analizza_JSON_2": [
                              "Succeeded"
                            ]
                          },
                          "metadata": {
                            "operationMetadataId": "b88c401c-adc3-4f11-8099-43989fa430fe"
                          },
                          "type": "SetVariable",
                          "inputs": {
                            "name": "CorpoMail",
                            "value": "Salve,\nsi conferma l’approvazione dell’offerta n° @{triggerOutputs()?['body/quotenumber']} con versione n° @{triggerOutputs()?['body/revisionnumber']} per @{body('Analizza_JSON_2')?['nomecliente']}.\n\nDi seguito il link @{outputs('URL_offerta')} per poter accedere all’offerta.\n"
                          }
                        },
                        "Imposta_partecipante_impegno_2": {
                          "runAfter": {
                            "Imposta_Oggetto_Mail_2": [
                              "Succeeded"
                            ]
                          },
                          "metadata": {
                            "operationMetadataId": "a178fd59-de29-4370-afa3-5834ad0b764b"
                          },
                          "type": "SetVariable",
                          "inputs": {
                            "name": "partecipanteImpegno",
                            "value": {
                              "participationtypemask": 2,
                              "partyid@odata.bind": "systemusers(@{triggerOutputs()?['body/_ownerid_value']})"
                            }
                          }
                        },
                        "Accoda_a_partecipanti_impegno_2": {
                          "runAfter": {
                            "Imposta_partecipante_impegno_2": [
                              "Succeeded"
                            ]
                          },
                          "metadata": {
                            "operationMetadataId": "9956ee61-ddb4-418e-8db0-54358cb1ea0f"
                          },
                          "type": "AppendToArrayVariable",
                          "inputs": {
                            "name": "partecipantiImpegno",
                            "value": "@variables('partecipanteImpegno')"
                          }
                        },
                        "Imposta_Oggetto_Mail_2": {
                          "runAfter": {
                            "Imposta_Corpo_Mail_2": [
                              "Succeeded"
                            ]
                          },
                          "metadata": {
                            "operationMetadataId": "ecdff77a-0d5d-42b0-a8eb-ab3ae3874b0e"
                          },
                          "type": "SetVariable",
                          "inputs": {
                            "name": "OggettoMail",
                            "value": "Approvazione offerta n. @{triggerOutputs()?['body/quotenumber']} per @{body('Analizza_JSON_2')?['nomecliente']}"
                          }
                        }
                      }
                    },
                    "Bozza_>_Approvata": {
                      "case": 1,
                      "actions": {
                        "recupera_flag_\"agente\"_dell'utente_proprietario": {
                          "runAfter": {},
                          "metadata": {
                            "operationMetadataId": "bcec9557-9ad0-4d7a-b383-ea98848c38ba"
                          },
                          "type": "OpenApiConnection",
                          "inputs": {
                            "host": {
                              "connectionName": "shared_commondataserviceforapps",
                              "operationId": "GetItem",
                              "apiId": "/providers/Microsoft.PowerApps/apis/shared_commondataserviceforapps"
                            },
                            "parameters": {
                              "entityName": "systemusers",
                              "recordId": "@triggerOutputs()?['body/_ownerid_value']",
                              "$select": "res_isagente"
                            },
                            "authentication": "@parameters('$authentication')"
                          }
                        },
                        "controllo_se_Agente_è_uguale_a_1": {
                          "actions": {
                            "Esegue_un_flusso_figlio_3": {
                              "runAfter": {},
                              "metadata": {
                                "operationMetadataId": "fe4319d1-9fdc-4fb1-82f7-4de707dd71ef"
                              },
                              "type": "Workflow",
                              "inputs": {
                                "host": {
                                  "workflowReferenceName": "98468969-0196-ef11-8a69-7c1e52503425"
                                },
                                "body": {
                                  "text": "@triggerOutputs()?['body/_customerid_value@Microsoft.Dynamics.CRM.lookuplogicalname']",
                                  "text_1": "@triggerOutputs()?['body/_customerid_value']"
                                }
                              }
                            },
                            "Analizza_JSON_3": {
                              "runAfter": {
                                "Esegue_un_flusso_figlio_3": [
                                  "Succeeded"
                                ]
                              },
                              "metadata": {
                                "operationMetadataId": "b4d379c8-78f7-438b-94cc-071bf2967123"
                              },
                              "type": "ParseJson",
                              "inputs": {
                                "content": "@body('Esegue_un_flusso_figlio_3')",
                                "schema": {
                                  "type": "object",
                                  "properties": {
                                    "nomecliente": {
                                      "type": "string"
                                    }
                                  }
                                }
                              }
                            },
                            "Imposta_Corpo_Mail_3": {
                              "runAfter": {
                                "Analizza_JSON_3": [
                                  "Succeeded"
                                ]
                              },
                              "metadata": {
                                "operationMetadataId": "bcd97b40-f65d-41ea-aa8a-bde88e20c544"
                              },
                              "type": "SetVariable",
                              "inputs": {
                                "name": "CorpoMail",
                                "value": "Salve,\nsi conferma l’approvazione dell’offerta n° @{triggerOutputs()?['body/quotenumber']} con versione n° @{triggerOutputs()?['body/revisionnumber']} per @{body('Analizza_JSON_3')?['nomecliente']}.\n\nDi seguito il link @{outputs('URL_offerta')} per poter accedere all’offerta.\n\nCordiali saluti\n"
                              }
                            },
                            "Imposta_Oggetto_Mail_3": {
                              "runAfter": {
                                "Imposta_Corpo_Mail_3": [
                                  "Succeeded"
                                ]
                              },
                              "metadata": {
                                "operationMetadataId": "c482ad90-82c3-4c4d-833a-3bc1bc290afc"
                              },
                              "type": "SetVariable",
                              "inputs": {
                                "name": "OggettoMail",
                                "value": "Approvazione offerta n. @{triggerOutputs()?['body/quotenumber']} per @{body('Analizza_JSON_3')?['nomecliente']}"
                              }
                            },
                            "Imposta_partecipante_impegno_3": {
                              "runAfter": {
                                "Imposta_Oggetto_Mail_3": [
                                  "Succeeded"
                                ]
                              },
                              "metadata": {
                                "operationMetadataId": "166d9107-f83a-4ba1-9097-52cd69293356"
                              },
                              "type": "SetVariable",
                              "inputs": {
                                "name": "partecipanteImpegno",
                                "value": {
                                  "participationtypemask": 2,
                                  "partyid@odata.bind": "systemusers(@{triggerOutputs()?['body/_ownerid_value']})"
                                }
                              }
                            },
                            "Accoda_a_partecipanti_impegno_3": {
                              "runAfter": {
                                "Imposta_partecipante_impegno_3": [
                                  "Succeeded"
                                ]
                              },
                              "metadata": {
                                "operationMetadataId": "2d1d6f87-b269-4479-a5c8-ba51d3063b0b"
                              },
                              "type": "AppendToArrayVariable",
                              "inputs": {
                                "name": "partecipantiImpegno",
                                "value": "@variables('partecipanteImpegno')"
                              }
                            }
                          },
                          "runAfter": {
                            "recupera_flag_\"agente\"_dell'utente_proprietario": [
                              "Succeeded"
                            ]
                          },
                          "else": {
                            "actions": {
                              "Termina_6": {
                                "runAfter": {},
                                "metadata": {
                                  "operationMetadataId": "3f07d982-c853-477c-ae61-84dfc215c889"
                                },
                                "type": "Terminate",
                                "inputs": {
                                  "runStatus": "Succeeded"
                                }
                              }
                            }
                          },
                          "expression": {
                            "equals": [
                              "@outputs('recupera_flag_\"agente\"_dell''utente_proprietario')?['body/res_isagente']",
                              true
                            ]
                          },
                          "metadata": {
                            "operationMetadataId": "196d8be6-63d4-4bd3-a7c8-4546bc2fa013"
                          },
                          "type": "If"
                        }
                      }
                    }
                  },
                  "default": {
                    "actions": {
                      "Termina_2": {
                        "runAfter": {},
                        "metadata": {
                          "operationMetadataId": "186921a0-7fee-491d-9169-86f62eb3d1cf"
                        },
                        "type": "Terminate",
                        "inputs": {
                          "runStatus": "Cancelled"
                        }
                      }
                    }
                  },
                  "expression": "@triggerOutputs()?['body/res_oldstatuscode']",
                  "metadata": {
                    "operationMetadataId": "9d0472bd-c9eb-4ebc-b046-505b6443afaa"
                  },
                  "type": "Switch"
                }
              }
            },
            "Non_approvata": {
              "case": 5,
              "actions": {
                "Motivo_stato_Precedente_3": {
                  "runAfter": {},
                  "cases": {
                    "In_approvazione_>_Non_approvata": {
                      "case": 2,
                      "actions": {
                        "Esegue_un_flusso_figlio_4": {
                          "runAfter": {},
                          "metadata": {
                            "operationMetadataId": "797887fd-0cdf-4e33-9c92-8e15e01f8385"
                          },
                          "type": "Workflow",
                          "inputs": {
                            "host": {
                              "workflowReferenceName": "98468969-0196-ef11-8a69-7c1e52503425"
                            },
                            "body": {
                              "text": "@triggerOutputs()?['body/_customerid_value@Microsoft.Dynamics.CRM.lookuplogicalname']",
                              "text_1": "@triggerOutputs()?['body/_customerid_value']"
                            }
                          }
                        },
                        "Analizza_JSON_4": {
                          "runAfter": {
                            "Esegue_un_flusso_figlio_4": [
                              "Succeeded"
                            ]
                          },
                          "metadata": {
                            "operationMetadataId": "0cbab10d-8b8a-45f1-a26b-aa013e0334df"
                          },
                          "type": "ParseJson",
                          "inputs": {
                            "content": "@body('Esegue_un_flusso_figlio_4')",
                            "schema": {
                              "type": "object",
                              "properties": {
                                "nomecliente": {
                                  "type": "string"
                                }
                              }
                            }
                          }
                        },
                        "Imposta_Corpo_Mail_4": {
                          "runAfter": {
                            "Analizza_JSON_4": [
                              "Succeeded"
                            ]
                          },
                          "metadata": {
                            "operationMetadataId": "0a82ed71-c3ce-49a2-961b-ee4be9b7f0d1"
                          },
                          "type": "SetVariable",
                          "inputs": {
                            "name": "CorpoMail",
                            "value": "Salve,\nè stata rifiutata l’offerta n° @{triggerOutputs()?['body/quotenumber']} con versione n° @{triggerOutputs()?['body/revisionnumber']} per @{body('Analizza_JSON_4')?['nomecliente']}.\n\nDi seguito il link @{outputs('URL_offerta')} per poter accedere all’offerta.\n\nCordiali saluti\n"
                          }
                        },
                        "Imposta_partecipante_impegno_4": {
                          "runAfter": {
                            "Imposta_Oggetto_Mail_4": [
                              "Succeeded"
                            ]
                          },
                          "metadata": {
                            "operationMetadataId": "ab7c6804-0bc7-4d93-a743-9b7ba4a1dde3"
                          },
                          "type": "SetVariable",
                          "inputs": {
                            "name": "partecipanteImpegno",
                            "value": {
                              "participationtypemask": 2,
                              "partyid@odata.bind": "systemusers(@{triggerOutputs()?['body/_ownerid_value']})"
                            }
                          }
                        },
                        "Accoda_a_partecipanti_impegno_4": {
                          "runAfter": {
                            "Imposta_partecipante_impegno_4": [
                              "Succeeded"
                            ]
                          },
                          "metadata": {
                            "operationMetadataId": "ed4da0d8-8b60-4c79-96e2-c6f75857cc48"
                          },
                          "type": "AppendToArrayVariable",
                          "inputs": {
                            "name": "partecipantiImpegno",
                            "value": "@variables('partecipanteImpegno')"
                          }
                        },
                        "Imposta_Oggetto_Mail_4": {
                          "runAfter": {
                            "Imposta_Corpo_Mail_4": [
                              "Succeeded"
                            ]
                          },
                          "metadata": {
                            "operationMetadataId": "c1c26825-7939-48a9-9ce2-ef7b09e91f28"
                          },
                          "type": "SetVariable",
                          "inputs": {
                            "name": "OggettoMail",
                            "value": "Rifiuto offerta n. @{triggerOutputs()?['body/quotenumber']} per @{body('Analizza_JSON_4')?['nomecliente']}"
                          }
                        }
                      }
                    }
                  },
                  "default": {
                    "actions": {
                      "Termina_3": {
                        "runAfter": {},
                        "metadata": {
                          "operationMetadataId": "f643c465-ca30-426e-b548-995c80c27b24"
                        },
                        "type": "Terminate",
                        "inputs": {
                          "runStatus": "Cancelled"
                        }
                      }
                    }
                  },
                  "expression": "@triggerOutputs()?['body/res_oldstatuscode']",
                  "metadata": {
                    "operationMetadataId": "c5b6ba17-c1fc-41fb-b619-56ca279c7d3f"
                  },
                  "type": "Switch"
                }
              }
            },
            "Aggiornata": {
              "case": 7,
              "actions": {
                "Motivo_stato_precedente_4": {
                  "runAfter": {},
                  "cases": {
                    "In_approvazione_>_Aggiornata": {
                      "case": 2,
                      "actions": {
                        "recupero_il_flag_Agente_dell'utente_connesso": {
                          "runAfter": {},
                          "metadata": {
                            "operationMetadataId": "b85edd59-0bef-44c9-b6db-d8511a0c1ec2"
                          },
                          "type": "OpenApiConnection",
                          "inputs": {
                            "host": {
                              "connectionName": "shared_commondataserviceforapps",
                              "operationId": "GetItem",
                              "apiId": "/providers/Microsoft.PowerApps/apis/shared_commondataserviceforapps"
                            },
                            "parameters": {
                              "entityName": "systemusers",
                              "recordId": "@triggerOutputs()?['body/_modifiedby_value']",
                              "$select": "res_isagente"
                            },
                            "authentication": "@parameters('$authentication')"
                          }
                        },
                        "controllo_se_l'utente_connesso_è_agente_==_si": {
                          "actions": {
                            "Esegue_un_flusso_figlio_5": {
                              "runAfter": {},
                              "metadata": {
                                "operationMetadataId": "22939fa9-6413-4f7c-8d99-13e611e7c7cd"
                              },
                              "type": "Workflow",
                              "inputs": {
                                "host": {
                                  "workflowReferenceName": "98468969-0196-ef11-8a69-7c1e52503425"
                                },
                                "body": {
                                  "text": "@triggerOutputs()?['body/_customerid_value@Microsoft.Dynamics.CRM.lookuplogicalname']",
                                  "text_1": "@triggerOutputs()?['body/_customerid_value']"
                                }
                              }
                            },
                            "Analizza_JSON_5": {
                              "runAfter": {
                                "Esegue_un_flusso_figlio_5": [
                                  "Succeeded"
                                ]
                              },
                              "metadata": {
                                "operationMetadataId": "cad0209b-76c0-4580-9bbd-1ac2c4db2dd1"
                              },
                              "type": "ParseJson",
                              "inputs": {
                                "content": "@body('Esegue_un_flusso_figlio_5')",
                                "schema": {
                                  "type": "object",
                                  "properties": {
                                    "nomecliente": {
                                      "type": "string"
                                    }
                                  }
                                }
                              }
                            },
                            "Imposta_CorpoMail_5": {
                              "runAfter": {
                                "Analizza_JSON_5": [
                                  "Succeeded"
                                ]
                              },
                              "metadata": {
                                "operationMetadataId": "ec1ef2e5-ce3f-464c-9d56-719002273c00"
                              },
                              "type": "SetVariable",
                              "inputs": {
                                "name": "CorpoMail",
                                "value": "Salve,\nè stata aggiornata l’offerta n° @{triggerOutputs()?['body/quotenumber']} con versione n° @{triggerOutputs()?['body/revisionnumber']} per @{body('Analizza_JSON_5')?['nomecliente']} per cui era stata richiesta in precedenza l’approvazione.\n\nCordiali saluti\n"
                              }
                            },
                            "Imposta_Oggetto_Mail_5": {
                              "runAfter": {
                                "Imposta_CorpoMail_5": [
                                  "Succeeded"
                                ]
                              },
                              "metadata": {
                                "operationMetadataId": "3a2d183d-6bb0-41dc-b2e1-98d4929e888b"
                              },
                              "type": "SetVariable",
                              "inputs": {
                                "name": "OggettoMail",
                                "value": "Aggiornamento offerta n. @{triggerOutputs()?['body/quotenumber']} per @{body('Analizza_JSON_5')?['nomecliente']}"
                              }
                            },
                            "Imposta_partecipante_Impegno_5": {
                              "runAfter": {
                                "Imposta_Oggetto_Mail_5": [
                                  "Succeeded"
                                ]
                              },
                              "metadata": {
                                "operationMetadataId": "16b7ecf0-7820-4e74-a023-e96e3d04f001"
                              },
                              "type": "SetVariable",
                              "inputs": {
                                "name": "partecipanteImpegno",
                                "value": {
                                  "participationtypemask": 2,
                                  "partyid@odata.bind": "systemusers(@{triggerOutputs()?['body/_ownerid_value']})"
                                }
                              }
                            },
                            "Accoda_a_partecipanti_Impegno_5": {
                              "runAfter": {
                                "Imposta_partecipante_Impegno_5": [
                                  "Succeeded"
                                ]
                              },
                              "metadata": {
                                "operationMetadataId": "7fe6084a-2c70-477c-b2d9-1523bf669102"
                              },
                              "type": "AppendToArrayVariable",
                              "inputs": {
                                "name": "partecipantiImpegno",
                                "value": "@variables('partecipanteImpegno')"
                              }
                            }
                          },
                          "runAfter": {
                            "recupero_il_flag_Agente_dell'utente_connesso": [
                              "Succeeded"
                            ]
                          },
                          "else": {
                            "actions": {
                              "Termina_7": {
                                "runAfter": {},
                                "metadata": {
                                  "operationMetadataId": "ff18e2c2-b18b-40d1-8219-b7135ed2fa65"
                                },
                                "type": "Terminate",
                                "inputs": {
                                  "runStatus": "Succeeded"
                                }
                              }
                            }
                          },
                          "expression": {
                            "equals": [
                              "@outputs('recupero_il_flag_Agente_dell''utente_connesso')?['body/res_isagente']",
                              true
                            ]
                          },
                          "metadata": {
                            "operationMetadataId": "8a28b4a1-4903-465b-86b2-ebe19b0844f8"
                          },
                          "type": "If"
                        }
                      }
                    }
                  },
                  "default": {
                    "actions": {
                      "Termina_4": {
                        "runAfter": {},
                        "metadata": {
                          "operationMetadataId": "a76c5949-4c9c-4607-914f-ac855f5d3261"
                        },
                        "type": "Terminate",
                        "inputs": {
                          "runStatus": "Cancelled"
                        }
                      }
                    }
                  },
                  "expression": "@triggerOutputs()?['body/res_oldstatuscode']",
                  "metadata": {
                    "operationMetadataId": "8d7e2e2b-2f4c-4ca4-adca-86b3ce933395"
                  },
                  "type": "Switch"
                }
              }
            }
          },
          "default": {
            "actions": {
              "Termina_5": {
                "runAfter": {},
                "metadata": {
                  "operationMetadataId": "0ae0c913-a8f3-4f61-944d-389b8e763cae"
                },
                "type": "Terminate",
                "inputs": {
                  "runStatus": "Succeeded"
                }
              }
            }
          },
          "expression": "@triggerOutputs()?['body/statuscode']",
          "metadata": {
            "operationMetadataId": "1a3e0c84-ddc4-4329-8ad3-e9e2415a7e55"
          },
          "type": "Switch"
        },
        "Inizializza_CorpoMail": {
          "runAfter": {},
          "metadata": {
            "operationMetadataId": "b48cbd2e-b2ce-4a01-8968-64797d61daac"
          },
          "type": "InitializeVariable",
          "inputs": {
            "variables": [
              {
                "name": "CorpoMail",
                "type": "string"
              }
            ]
          }
        },
        "URL_offerta": {
          "runAfter": {
            "Inizializza_Partecipanti_Impegno": [
              "Succeeded"
            ]
          },
          "metadata": {
            "operationMetadataId": "0119f761-ba40-4bb2-9554-3c4b4654c82a"
          },
          "type": "Compose",
          "inputs": "https://taumdk.crm4.dynamics.com/main.aspx?appid=9312265e-df70-ef11-a670-000d3aa9dc4d&pagetype=entityrecord&etn=quote&id=@{triggerOutputs()?['body/quoteid']}"
        },
        "Aggiunge_una_nuova_riga": {
          "runAfter": {
            "Motivo_stato_Attuale": [
              "Succeeded"
            ]
          },
          "metadata": {
            "operationMetadataId": "8e8f3025-c4a7-40f8-8080-1249982d0176"
          },
          "type": "OpenApiConnection",
          "inputs": {
            "host": {
              "connectionName": "shared_commondataserviceforapps",
              "operationId": "CreateRecord",
              "apiId": "/providers/Microsoft.PowerApps/apis/shared_commondataserviceforapps"
            },
            "parameters": {
              "entityName": "emails",
              "item/activitypointer_activity_parties": "@variables('partecipantiImpegno')",
              "item/description": "@variables('CorpoMail')",
              "item/subject": "@variables('OggettoMail')",
              "item/regardingobjectid_quote_email@odata.bind": "quotes(@{triggerOutputs()?['body/quoteid']})"
            },
            "authentication": "@parameters('$authentication')"
          }
        },
        "Esegui_un'azione_associata": {
          "runAfter": {
            "Aggiunge_una_nuova_riga": [
              "Succeeded"
            ]
          },
          "metadata": {
            "operationMetadataId": "26f76f82-1112-4933-bd46-c4c18c86f573"
          },
          "type": "OpenApiConnection",
          "inputs": {
            "host": {
              "connectionName": "shared_commondataserviceforapps",
              "operationId": "PerformBoundAction",
              "apiId": "/providers/Microsoft.PowerApps/apis/shared_commondataserviceforapps"
            },
            "parameters": {
              "entityName": "emails",
              "actionName": "Microsoft.Dynamics.CRM.SendEmail",
              "recordId": "@outputs('Aggiunge_una_nuova_riga')?['body/activityid']",
              "item/IssueSend": true
            },
            "authentication": "@parameters('$authentication')"
          }
        },
        "Inizializza_Partecipanti_Impegno": {
          "runAfter": {
            "Inizializza_Partecipante_Impegno": [
              "Succeeded"
            ]
          },
          "metadata": {
            "operationMetadataId": "a49b10ff-3220-4584-b563-345dcdd09995"
          },
          "type": "InitializeVariable",
          "inputs": {
            "variables": [
              {
                "name": "partecipantiImpegno",
                "type": "array",
                "value": [
                  {
                    "participationtypemask": 1,
                    "partyid@odata.bind": "systemusers(@{parameters('NotificaApprovazioneOfferta_Mittente (res_NotificaApprovazioneOfferta_Mittente)')})"
                  }
                ]
              }
            ]
          }
        },
        "Inizializza_Partecipante_Impegno": {
          "runAfter": {
            "Inizializza_OggettoMail": [
              "Succeeded"
            ]
          },
          "metadata": {
            "operationMetadataId": "82eadd05-28cd-4f18-a3ee-85d8e06910ea"
          },
          "type": "InitializeVariable",
          "inputs": {
            "variables": [
              {
                "name": "partecipanteImpegno",
                "type": "object"
              }
            ]
          }
        },
        "Inizializza_OggettoMail": {
          "runAfter": {
            "Inizializza_CorpoMail": [
              "Succeeded"
            ]
          },
          "metadata": {
            "operationMetadataId": "bea8d026-afc7-410e-a493-9da3ef535133"
          },
          "type": "InitializeVariable",
          "inputs": {
            "variables": [
              {
                "name": "OggettoMail",
                "type": "string"
              }
            ]
          }
        }
      }
    },
    "templateName": ""
  },
  "schemaVersion": "1.0.0.0"
}