{
  "properties": {
    "connectionReferences": {
      "shared_commondataserviceforapps": {
        "runtimeSource": "embedded",
        "connection": {
          "connectionReferenceLogicalName": "res_sharedcommondataserviceforapps_37d61"
        },
        "api": {
          "name": "shared_commondataserviceforapps"
        }
      }
    },
    "definition": {
      "$schema": "https://schema.management.azure.com/providers/Microsoft.Logic/schemas/2016-06-01/workflowdefinition.json#",
      "contentVersion": "1.0.0.0",
      "parameters": {
        "$connections": {
          "defaultValue": {},
          "type": "Object"
        },
        "$authentication": {
          "defaultValue": {},
          "type": "SecureObject"
        }
      },
      "triggers": {
        "manual": {
          "metadata": {
            "operationMetadataId": "15ed4236-ab88-4eb7-b66c-aef7606a18c0"
          },
          "type": "Request",
          "kind": "Button",
          "inputs": {
            "schema": {
              "type": "object",
              "properties": {
                "text": {
                  "title": "tipoEntità",
                  "type": "string",
                  "x-ms-dynamically-added": true,
                  "description": "tipo Entità",
                  "x-ms-content-hint": "TEXT"
                },
                "text_1": {
                  "title": "IdRecord",
                  "type": "string",
                  "x-ms-dynamically-added": true,
                  "description": "Id record",
                  "x-ms-content-hint": "TEXT"
                }
              },
              "required": [
                "text",
                "text_1"
              ]
            }
          }
        }
      },
      "actions": {
        "Respond_to_a_Power_App_or_flow": {
          "runAfter": {
            "Condizione": [
              "Succeeded"
            ]
          },
          "metadata": {
            "operationMetadataId": "00139164-f4e7-474b-bf7d-b4e4f4fbb60e"
          },
          "type": "Response",
          "kind": "PowerApp",
          "inputs": {
            "statusCode": 200,
            "body": {
              "nomecliente": "@variables('Nome')"
            },
            "schema": {
              "type": "object",
              "properties": {
                "nomecliente": {
                  "title": "NomeCliente",
                  "x-ms-dynamically-added": true,
                  "type": "string"
                }
              }
            }
          }
        },
        "Condizione": {
          "actions": {
            "Recupera_Account": {
              "runAfter": {},
              "metadata": {
                "operationMetadataId": "944ee740-3e06-4433-96bf-69fea2350f47"
              },
              "type": "OpenApiConnection",
              "inputs": {
                "host": {
                  "connectionName": "shared_commondataserviceforapps",
                  "operationId": "GetItem",
                  "apiId": "/providers/Microsoft.PowerApps/apis/shared_commondataserviceforapps"
                },
                "parameters": {
                  "entityName": "accounts",
                  "recordId": "@triggerBody()['text_1']",
                  "$select": "name"
                },
                "authentication": {
                  "type": "Raw",
                  "value": "@json(decodeBase64(triggerOutputs().headers['X-MS-APIM-Tokens']))['$ConnectionKey']"
                }
              }
            },
            "Imposta_Nome_Account": {
              "runAfter": {
                "Recupera_Account": [
                  "Succeeded"
                ]
              },
              "metadata": {
                "operationMetadataId": "68a0950c-4442-412d-b3e2-399a1307861f"
              },
              "type": "SetVariable",
              "inputs": {
                "name": "Nome",
                "value": "@outputs('Recupera_Account')?['body/name']"
              }
            }
          },
          "runAfter": {
            "Inizializza_Nome": [
              "Succeeded"
            ]
          },
          "else": {
            "actions": {
              "Recupera_Contatto": {
                "runAfter": {},
                "metadata": {
                  "operationMetadataId": "970f8bd5-e67a-4976-bfc6-25b41eb7e439"
                },
                "type": "OpenApiConnection",
                "inputs": {
                  "host": {
                    "connectionName": "shared_commondataserviceforapps",
                    "operationId": "GetItem",
                    "apiId": "/providers/Microsoft.PowerApps/apis/shared_commondataserviceforapps"
                  },
                  "parameters": {
                    "entityName": "contacts",
                    "recordId": "@triggerBody()['text_1']",
                    "$select": "fullname"
                  },
                  "authentication": {
                    "type": "Raw",
                    "value": "@json(decodeBase64(triggerOutputs().headers['X-MS-APIM-Tokens']))['$ConnectionKey']"
                  }
                }
              },
              "Imposta_nome_Contatto": {
                "runAfter": {
                  "Recupera_Contatto": [
                    "Succeeded"
                  ]
                },
                "metadata": {
                  "operationMetadataId": "fa4f7bfb-78b3-4546-a3f7-fbda3a519d3b"
                },
                "type": "SetVariable",
                "inputs": {
                  "name": "Nome",
                  "value": "@outputs('Recupera_Contatto')?['body/fullname']"
                }
              }
            }
          },
          "expression": {
            "equals": [
              "@triggerBody()['text']",
              "account"
            ]
          },
          "metadata": {
            "operationMetadataId": "904647fb-6c4e-4356-b2f2-22fce7756ca8"
          },
          "type": "If"
        },
        "Inizializza_Nome": {
          "runAfter": {},
          "metadata": {
            "operationMetadataId": "896b758a-8188-423c-88ab-f3419b29e757"
          },
          "type": "InitializeVariable",
          "inputs": {
            "variables": [
              {
                "name": "Nome",
                "type": "string"
              }
            ]
          }
        }
      }
    },
    "templateName": null
  },
  "schemaVersion": "1.0.0.0"
}