<environmentvariabledefinition schemaname="res_NotificaApprovazioneOfferta_Mittente">
  <defaultvalue>f6844c5c-4070-ef11-a670-000d3aa9dc4d</defaultvalue>
  <displayname default="NotificaApprovazioneOfferta_Mittente">
    <label description="NotificaApprovazioneOfferta_Mittente" languagecode="1040" />
  </displayname>
  <introducedversion>1.0.0.1</introducedversion>
  <iscustomizable>1</iscustomizable>
  <isrequired>0</isrequired>
  <secretstore>0</secretstore>
  <type>100000000</type>
</environmentvariabledefinition>