<customapi uniquename="res_ExportCustomers">
  <allowedcustomprocessingsteptype>2</allowedcustomprocessingsteptype>
  <bindingtype>0</bindingtype>
  <description default="Esporta i Clienti di DYN365">
    <label description="Esporta i Clienti di DYN365" languagecode="1040" />
  </description>
  <displayname default="Esporta Clienti">
    <label description="Esporta Clienti" languagecode="1040" />
  </displayname>
  <iscustomizable>1</iscustomizable>
  <isfunction>0</isfunction>
  <isprivate>0</isprivate>
  <name>ExportCustomers</name>
  <plugintypeid>
    <plugintypeexportkey>7324f609-53ad-4dfa-9a3c-79bdf69173e3</plugintypeexportkey>
  </plugintypeid>
  <workflowsdkstepenabled>0</workflowsdkstepenabled>
</customapi>