<customapi uniquename="res_ImportReceipts">
  <allowedcustomprocessingsteptype>2</allowedcustomprocessingsteptype>
  <bindingtype>0</bindingtype>
  <description default="Import le Ricevute di Danea">
    <label description="Import le Ricevute di Danea" languagecode="1040" />
  </description>
  <displayname default="ImportReceipts">
    <label description="ImportReceipts" languagecode="1040" />
  </displayname>
  <iscustomizable>1</iscustomizable>
  <isfunction>0</isfunction>
  <isprivate>0</isprivate>
  <name>ImportReceipts</name>
  <plugintypeid>
    <plugintypeexportkey>040005b3-f6f5-4ecc-a690-44b9c5c5f418</plugintypeexportkey>
  </plugintypeid>
  <workflowsdkstepenabled>0</workflowsdkstepenabled>
</customapi>