<customapi uniquename="res_ImportPayments">
  <allowedcustomprocessingsteptype>2</allowedcustomprocessingsteptype>
  <bindingtype>0</bindingtype>
  <description default="ImportPayments">
    <label description="ImportPayments" languagecode="1040" />
  </description>
  <displayname default="ImportPayments">
    <label description="ImportPayments" languagecode="1040" />
  </displayname>
  <iscustomizable>1</iscustomizable>
  <isfunction>0</isfunction>
  <isprivate>0</isprivate>
  <name>ImportPayments</name>
  <plugintypeid>
    <plugintypeexportkey>a2c83f96-965e-48a3-adda-e8ab90e43a65</plugintypeexportkey>
  </plugintypeid>
  <workflowsdkstepenabled>0</workflowsdkstepenabled>
</customapi>