<environmentvariabledefinition schemaname="res_ImportReceipts_Configuration">
  <defaultvalue>{ 	"header_line": 0, 	"fields": [ 		{ 			"name": "Cod. cliente", 			"name_receipt": "CodCliente", 			"position": -1 		}, 		{ 			"name": "Cliente", 			"name_receipt": "Cliente", 			"position": -1 		}, 		{ 			"name": "Data", 			"name_receipt": "Data", 			"position": -1 		}, 		{ 			"name": "N.", 			"name_receipt": "NDoc", 			"position": -1 		}, 		{ 			"name": "Ancora da saldare", 			"name_receipt": "DaSaldare", 			"position": -1 		}, 		{ 			"name": "Tot. netto Iva", 			"name_receipt": "TotNettoIva", 			"position": -1 		}, 		{ 			"name": "Agente", 			"name_receipt": "Agente", 			"position": -1 		}, 		{ 			"name": "Data ultimo pagam.", 			"name_receipt": "DataUltimoPag", 			"position": -1 		}, 		{ 			"name": "Iva", 			"name_receipt": "Iva", 			"position": -1 		}, 		{ 			"name": "Tot. documento", 			"name_receipt": "TotDoc", 			"position": -1 		}, 		{ 			"name": "Pagamento", 			"name_receipt": "Pagamento", 			"position": -1 		}, 		{ 			"name": "Coord. bancarie", 			"name_receipt": "CoordBancarie", 			"position": -1 		}, 		{ 			"name": "Commento", 			"name_receipt": "Commento", 			"position": -1 		} 	], 	"number_lines_remove": 2 }</defaultvalue>
  <displayname default="ImportReceipts_Configuration">
    <label description="ImportReceipts_Configuration" languagecode="1040" />
  </displayname>
  <introducedversion>1.0.0.1</introducedversion>
  <iscustomizable>1</iscustomizable>
  <isrequired>0</isrequired>
  <secretstore>0</secretstore>
  <type>100000003</type>
</environmentvariabledefinition>